address,type,size
0x004ab380,float,4
0x004ab384,float,4
0x004ab388,float,4
0x004ab38c,float,4
0x004ab3a0,float,8
0x004ab3a8,float,8
0x004ab3b0,float,8
0x004ab3b8,float,4
0x004ab3bc,float,4
0x004ab3c0,float,4
0x004ab3c4,float,4
0x004ab3c8,float,4
0x004ab3cc,float,4
0x004ab3d0,float,4
0x004ab3d4,float,4
0x004ab3d8,float,4
0x004ab400,float,4
0x004ab408,float,8
0x004ab410,float,4
0x004ab420,float,4
0x004ab434,float,4
0x004ab440,float,4
0x004ab448,float,4
0x004ab450,float,4
0x004ab460,float,8
0x004ab480,float,4
0x004ab498,float,4
0x004ab4d0,float,8
0x004ab4d8,float,4
0x004ab51c,float,4
0x004ab520,float,8
0x004ab540,float,4
0x004ab548,float,8
0x004ab554,float,4
